OBJECTID,TRAIL_ID,TRAIL_NAME,TRAIL_CLSS,SURF_MAT,ENGINEERED,WIDTH,FENCED,WHEEL_ACC,CONDITION,INST_YEAR,INST_DATE,LIGHT,OWNER,MAINT,STATUS,COMMENTS,ADDDATE,MODDATE,SOURCE,SACC,FCODE,CODE,WALKING,HIKING,BIKING,ATV,SNOWMOBILE,SEASON,COLLECTED,UPDATED,TCT,RAIL,NATURE,ET_SOURCE,SECT_NAME,ASSOCN,DATASOURCE,OFFICIAL,NAME_APP,PLOW,GLOBALID,LEN,SHAPE_Length
104538,703.0,UNKNOWN NAME,,,N,,N,,GOOD,2014.0,,N,HRM,HRM,ACTIVE,,2014/12/12 00:00:00+00,,PICTOMETRY,,,,,,,,,,,,,,,,,,,,,,{A2E9D8DB-DED7-4DEE-A817-B64302D98B54},279.595571472048,0.0020753552764938
104551,5019.0,UNKNOWN NAME,,GRAV,N,1.8,,,GOOD,2012.0,,N,HRM,HRM,ACTIVE,,2013/04/03 00:00:00+00,,,,RRRDTR,,,,,,,,,,,,,,,,,,,,{BDC1783C-E6B2-4D48-8E07-D86C8866C792},213.780742750259,0.0018306222360183
104552,5021.0,UNKNOWN NAME,,GRAV,N,1.8,,,GOOD,2012.0,,N,HRM,HRM,ACTIVE,,2013/04/03 00:00:00+00,,,,RRRDTR,,,,,,,,,,,,,,,,,,,,{24D3582C-ACEF-4C3B-AD2A-F8985B815DC9},816.898709673267,0.0065840652540969
104570,704.0,UNKNOWN NAME,,,N,,N,,GOOD,2014.0,,N,HRM,HRM,ACTIVE,,2014/12/12 00:00:00+00,,PICTOMETRY,,,,,,,,,,,,,,,,,,,,,,{98BC133B-25E1-433E-8658-1CB3AAA67FB5},188.510771698846,0.0016591804172073
104571,705.0,UNKNOWN NAME,,,N,,N,,GOOD,2014.0,,N,HRM,HRM,ACTIVE,,2014/12/12 00:00:00+00,,PICTOMETRY,,,,,,,,,,,,,,,,,,,,,,{25666D98-A1FD-4540-9D28-0CB472E5A4E5},233.771279699772,0.0018226374800147
104572,706.0,UNKNOWN NAME,,,N,,N,,GOOD,2014.0,,N,HRM,HRM,ACTIVE,,2014/12/12 00:00:00+00,,PICTOMETRY,,,,,,,,,,,,,,,,,,,,,,{9AB55735-3612-490C-8304-05F106928C8F},333.070242114161,0.002559711686195
104573,707.0,UNKNOWN NAME,,,N,,N,,GOOD,2014.0,,N,HRM,HRM,ACTIVE,,2014/12/12 00:00:00+00,,PICTOMETRY,,,,,,,,,,,,,,,,,,,,,,{9EDB920A-1A66-4ED1-A1A8-892947B05E17},308.37092297359,0.002308396670827
104583,871.0,FRESHWATER TRAIL PARK WALKWAY,SECONDARY,CRDS,N,2.2,N,,GOOD,2007.0,,N,HRM,HRM,ACTIVE, ,,,,,,,,,,,,,,,,,,,,,TPW_TRAILS,,,,{4608C8B8-1141-4E8A-8EC2-452B6DEF6B1D},91.7735828689425,0.0007680640261707
104586,4059.0,UNKNOWN NAME,,GRAV,,,N,,GOOD,2012.0,,N,HRM,HRM,ACTIVE,,2012/11/02 00:00:00+00,,,,RRRDTR,,N,N,,,,,,,,,,,,,,,,,{630993AF-B59C-4BE7-925B-288DB5BC2CBE},142.148102105974,0.0010219802723823
104603,5020.0,UNKNOWN NAME,,GRAV,N,1.8,,,GOOD,2012.0,,N,HRM,HRM,ACTIVE,,2013/04/03 00:00:00+00,,,,RRRDTR,,,,,,,,,,,,,,,,,,,,{A153BDBB-8C4B-4BF9-BBE6-0EE9E4C62A9B},158.189698934951,0.0011192317119323
104604,5018.0,UNKNOWN NAME,,GRAV,N,1.8,,,GOOD,2012.0,,N,HRM,HRM,ACTIVE,,2013/04/03 00:00:00+00,,,,RRRDTR,,,,,,,,,,,,,,,,,,,,{40CF8AA4-F9FB-4B55-BF38-109AE9495C79},102.957937520532,0.0007573950226996
104882,1637.0,UNKNOWN NAME,TERIARY,NATU,N,1.0,N,,GOOD,2008.0,,N,HRM,HRM,ACTIVE,grass path,,,,,,,,,,,,,,,,,,,,,TPW_TRAILS,,,,{38D1A1CE-F5A8-4CC2-9669-0F189CFD2ACA},45.0953779891919,0.0002921188509774
104913,2024.0,UNKNOWN NAME,SECONDARY,ASPH, ,3.2,N,,GOOD,2009.0,,Y,HRM,HRM,ACTIVE, ,,,,,,,,,,,,,,,,,,,,,TPW_TRAILS,,,,{6A1E5D7D-B69E-45C9-B8E8-A05A55D0892E},248.781610291048,0.0019207624190447
104921,2151.0,UNKNOWN NAME,PRIMARY,GRAV,N,1.8,N,,MARGINAL,2009.0,,N,HRM,HRM,ACTIVE,still under construction,,,,,,,,,,,,,,,,,,,,,TPW_TRAILS,,,,{A1DF74F4-3B34-404E-AD79-1455343578B5},1177.60508560657,0.0094183896903924
104926,2439.0,BEDFORD SACKVILLE CONNECTOR AT GREENWAY,AT_GW,ASPH, ,3.0,N,,GOOD,2004.0,,N,HRM,HRM,ACTIVE, ,,,,,RRRDTR,HRT,Y,Y,Y,N,N,ALL,,,N,N,,HRTAT,,SACKVILLE RIVERS ASSOCIATION,TPW_TRAILS,,,,{840BCEC6-BDD4-4451-B2F0-5EA75EFBA790},271.509542305041,0.0019122622409591
105016,2017.0,UNKNOWN NAME,SECONDARY,ASPH, ,1.7,Y,,GOOD,2009.0,,N,HRM,HRM,ACTIVE,to parking area,,,,,,,,,,,,,,,,,,,,,TPW_TRAILS,,,,{A8C2C379-E705-4405-80AB-49A146005881},54.1751157684084,0.0003812362946395
105017,2018.0,UNKNOWN NAME,SECONDARY,ASPH, ,1.7,N,,GOOD,2009.0,,N,HRM,HRM,ACTIVE, ,,,,,,,,,,,,,,,,,,,,,TPW_TRAILS,,,,{630D2324-1680-4C3D-B3F2-FC06CD5D3C64},74.2217315859833,0.0005911444926192
105018,2019.0,UNKNOWN NAME,PRIMARY,ASPH, ,3.2,Y,,GOOD,2009.0,,N,HRM,HRM,ACTIVE,partially fenced,,,,,,,,,,,,,,,,,,,,,TPW_TRAILS,,,,{5F0F0C70-1AFE-414D-95C6-7AFC7B9CCD8A},142.553843731661,0.0009806517792471
105019,2020.0,UNKNOWN NAME,SECONDARY,OTHR, ,3.2,N,,GOOD,2009.0,,N,HRM,HRM,ACTIVE,conc. pavers -width widens at road,,,,,,,,,,,,,,,,,,,,,TPW_TRAILS,,,,{9E4E5147-98B7-4662-9C76-036D3B5F9BD4},9.12468880823462,5.96573356900983e-05
105020,2021.0,UNKNOWN NAME,SECONDARY,CRDS, ,1.6,N,,GOOD,2009.0,,N,HRM,HRM,ACTIVE, ,,,,,,,,,,,,,,,,,,,,,TPW_TRAILS,,,,{B9574C33-E637-4891-9A81-454B982D5427},111.956827885649,0.0007510037210104
105021,2022.0,UNKNOWN NAME,SECONDARY,ASPH, ,3.1,N,,GOOD,2009.0,,N,HRM,HRM,ACTIVE, ,,,,,,,,,,,,,,,,,,,,,TPW_TRAILS,,,,{383FD620-9C9A-4666-B8CA-B28BD6C5F40D},65.5755301110992,0.0005719667137311
105027,2013.0,UNKNOWN NAME,SECONDARY,CRDS, ,2.0,N,,GOOD,2009.0,,N,HRM,HRM,ACTIVE, ,,,,,,,,,,,,,,,,,,,,,TPW_TRAILS,,,,{2A646474-0351-4639-ABC0-5D935C38253D},141.747295533489,0.0011114123604596
105035,2025.0,UNKNOWN NAME,SECONDARY,ASPH, ,2.3,N,,GOOD,2009.0,,N,HRM,HRM,ACTIVE,to floating dock,,,,,,,,,,,,,,,,,,,,,TPW_TRAILS,,,,{18E54055-5CCE-461E-B173-AA3C4004CC83},15.0402286772181,0.0001257449062663
105036,2027.0,UNKNOWN NAME,SECONDARY,ASPH, ,2.2,N,,GOOD,2009.0,,N,HRM,HRM,ACTIVE, ,,,,,,,,,,,,,,,,,,,,,TPW_TRAILS,,,,{B78FCB36-A5AA-4AA8-A536-3DFA1E54394E},54.9040849065297,0.0004913367817928
105042,2033.0,SHUBIE CANAL GREENWAY,AT_GW,ASPH, ,3.5,N,,GOOD,2009.0,,N,HRM,HRM,ACTIVE, ,,,,,,,,,,,,,,,,,,,,,TPW_TRAILS,,,,{A1748DE8-CFB2-431D-B8CB-41F1E97A68AD},245.131141210128,0.0016726530865683
105043,2034.0,SHUBIE CANAL GREENWAY,AT_GW,CRDS, ,3.5,N,,GOOD,2009.0,,N,HRM,HRM,ACTIVE, ,,,,,,,,,,,,,,,,,,,,,TPW_TRAILS,,,,{659199DC-171E-4BBC-9900-95AE21F42E59},13.7687791479605,0.0001007755425165
105046,2039.0,UNKNOWN NAME,SECONDARY,CRDS, ,2.0,N,,GOOD,2009.0,,N,HRM,HRM,ACTIVE, ,,,,,,,,,,,,,,,,,,,,,TPW_TRAILS,,,,{D47623D6-72B6-4D91-9342-8DB0F41DCD5B},51.0561213747412,0.0003970822071224
105047,2040.0,UNKNOWN NAME,SECONDARY,ASPH, ,2.3,N,,GOOD,2009.0,,N,HRM,HRM,ACTIVE,to floating dock,,,,,,,,,,,,,,,,,,,,,TPW_TRAILS,,,,{CD1BE162-6BAE-46C9-B7E0-143C17D23587},26.5454129586389,0.0002375546456033
105048,2042.0,UNKNOWN NAME,SECONDARY,CRDS, ,2.0,N,,GOOD,2009.0,,N,HRM,HRM,ACTIVE, ,,,,,,,,,,,,,,,,,,,,,TPW_TRAILS,,,,{639B0ED0-3949-46BF-8F1F-C33334E5CEC4},28.4938047617608,0.0002211122802405
105070,1968.0,UNKNOWN NAME,SECONDARY,ASPH, ,2.9,N,,GOOD,2009.0,,N,HRM,HRM,ACTIVE, ,,,,,,,,,,,,,,,,,,,,,TPW_TRAILS,,,,{338F0EC5-3080-487A-BD19-734B8D871871},65.8907187272358,0.0005455135574462
105200,2015.0,UNKNOWN NAME,SECONDARY,ASPH, ,1.5,N,,GOOD,2009.0,,N,HRM,HRM,ACTIVE, ,,,,,,,,,,,,,,,,,,,,,TPW_TRAILS,,,,{9B7D616F-F9B2-4658-9851-8105D77FA596},10.0879686276482,7.16584965797789e-05
105202,1717.0,HENRY FINLAY PARK WALKWAY,SECONDARY,ASPH, ,3.4,N,,GOOD,2009.0,,N,HRM,HRM,ACTIVE, ,,,,,,,,,,,,,,,,,,,,,TPW_TRAILS,,,,{ACCCA790-EF27-4058-B5F1-2617DFD934D4},79.6723917972247,0.0005550021208531
105215,3738.0,BURNSIDE AT GREENWAY,AT_GW,ASPH,Y,,N,,GOOD,2012.0,,N,HRM,HRM,ACTIVE,,2012/09/12 00:00:00+00,,,,,,,,,,,,,,,,,,,,,,,,{ABFB4FEE-25AC-4226-904D-52ACDCA950B9},145.937013901079,0.0009471921533242
105305,2310.0,BEDFORD SACKVILLE CONNECTOR AT GREENWAY,AT_GW,CRDS, ,1.2,N,,GOOD,2004.0,,N,HRM,UN,ACTIVE,areas sides  overgrown- shop ctr propert,,,,,RRRDTR,HRT,Y,Y,Y,N,N,ALL,,,N,N,,HRTAT,,SACKVILLE RIVERS ASSOCIATION,TPW_TRAILS,,,,{6EAEF552-9BC9-44D2-BBDD-C2862CCDEAB3},194.573046481885,0.0013421368646201
105306,2311.0,BEDFORD SACKVILLE CONNECTOR AT GREENWAY,AT_GW,CRDS, ,1.5,N,,GOOD,2004.0,,N,,UN,ACTIVE,partially shop ctr property,,,,,RRRDTR,HRT,Y,Y,Y,N,N,ALL,,,N,N,,HRTAT,,SACKVILLE RIVERS ASSOCIATION,TPW_TRAILS,,,,{0775C16B-8572-484A-9048-3FFC9D118513},373.687787060165,0.0026345494552598
105307,2312.0,BEDFORD SACKVILLE CONNECTOR AT GREENWAY,AT_GW,CRDS, ,1.2,N,,GOOD,2004.0,,N,,UN,ACTIVE,partially on shop ctr property,,,,,RRRDTR,HRT,Y,Y,Y,N,N,ALL,,,N,N,,HRTAT,,SACKVILLE RIVERS ASSOCIATION,TPW_TRAILS,,,,{C065F670-2817-4DCF-B309-E6C26FC2EB9A},148.307907974596,0.0011674891709612
105308,2313.0,BEDFORD SACKVILLE CONNECTOR AT GREENWAY,AT_GW,WOOD,Y,1.85,Y,,GOOD,2004.0,,N,HRM,HRM,ACTIVE,bridge -see bridge layer,,,,,RRRDTR,HRT,Y,Y,Y,N,N,ALL,,,N,N,,HRTAT,,SACKVILLE RIVERS ASSOCIATION,TPW_TRAILS,,,,{A486E692-5A18-48E1-9CBA-AE7B2607D1A0},60.4526073891441,0.0003857460937998
105327,3739.0,BURNSIDE AT GREENWAY,AT_GW,ASPH,Y,,N,,GOOD,2012.0,,N,HRM,HRM,ACTIVE,,2012/09/12 00:00:00+00,,,,,,,,,,,,,,,,,,,,,,,,{AFBD1636-DDF3-4FE4-BF1D-B17AC4F222AB},20.2674584285989,0.0001432384692063
105329,3740.0,BURNSIDE AT GREENWAY,AT_GW,ASPH,Y,,N,,GOOD,2012.0,,N,HRM,HRM,ACTIVE,,2012/09/12 00:00:00+00,,,,,,,,,,,,,,,,,,,,,,,,{0FC39514-3070-46CF-B3C3-5267CAB5B169},958.921668757547,0.0064276184276882
105423,2232.0,UNKNOWN NAME, ,ASPH, ,2.0,N,,GOOD,2009.0,,N,HRM,HRM,ACTIVE, ,,,,,,,,,,,,,,,,,,,,,TPW_TRAILS,,,,{961CA4C0-49DF-4A4D-8136-2D11D44FA45D},85.2073858976317,0.0006767266252789
105424,2234.0,UNKNOWN NAME, ,ASPH, ,2.0,N,,GOOD,2009.0,,N,HRM,HRM,ACTIVE, ,,,,,,,,,,,,,,,,,,,,,TPW_TRAILS,,,,{89F60F14-DADD-49B5-BEB0-8E4CA989A8B2},24.9000698645115,0.0002209527585361
105426,2238.0,CANNON TERRACE PARK WALKWAY,PRIMARY,ASPH, ,2.0,Y,,GOOD,2009.0,,N,HRM,HRM,ACTIVE,new park/playground,,,,,,,,,,,,,,,,,,,,,TPW_TRAILS,,,,{36F5547C-D58B-4E94-BF4F-A804D617D841},123.350106120946,0.0009133550366146
105429,2592.0,MCINTOSH RUN AT GREENWAY,AT_GW,GRAV,N,1.5,N,,GOOD,2011.0,,N,HRM,HRM,ACTIVE, ,,,,,,,,,,,,,,,,,,,,,TPW_TRAILS,,,,{6A6AF9EA-E8BD-4508-9078-27AE76908195},33.3924162833211,0.0002268012631072
105430,2593.0,MCINTOSH RUN AT GREENWAY,AT_GW,CONC,N,1.5,N,,GOOD,2011.0,,N,HRM,HRM,ACTIVE, ,,,,,,,,,,,,,,,,,,,,,TPW_TRAILS,,,,{F2297EFB-9344-4930-847C-6F131B7CFD1C},9.45656587953886,7.66960498376335e-05
105431,2594.0,MCINTOSH RUN AT GREENWAY,AT_GW,CRDS,N,2.2,N,,GOOD,2011.0,,N,HRM,HRM,ACTIVE, ,,,,,,,,,,,,,,,,,,,,,TPW_TRAILS,,,,{4FDE7E2A-6F35-4E36-B835-38879BF107B0},22.6320814109514,0.0001828164505683
105432,2596.0,MCINTOSH RUN AT GREENWAY,AT_GW,CRDS,N,2.0,N,,GOOD,2011.0,,N,HRM,HRM,ACTIVE, ,,,,,,HRT,,,,,,,,,N,N,Y,,,,TPW_TRAILS,,,,{BC77FEA6-683A-429F-871F-A4EC8CEBFE48},13.1738773985313,0.0001056414037789
105433,2597.0,MCINTOSH RUN AT GREENWAY,AT_GW,ASPH,N,1.8,N,,GOOD,2011.0,,N,HRM,HRM,ACTIVE,sides overgrown,,,,,,,,,,,,,,,N,N,Y,,,,TPW_TRAILS,,,,{B29B7841-04A6-47E5-B1FC-DAE25FFA68DB},28.7431693506289,0.0002141963740081
105465,2599.0,MCINTOSH RUN AT GREENWAY,AT_GW,CRDS,N,3.0,N,,GOOD,2011.0,,N,HRM,HRM,ACTIVE, ,,,,,,HRT,,,,,,,,,N,N,Y,,,,TPW_TRAILS,,,,{704AE5E1-8FB4-48AB-A9EC-97F21BDB8A2D},486.306833440767,0.004073970855504
105468,2602.0,MCINTOSH RUN AT GREENWAY,AT_GW,CONC,N,1.5,N,,GOOD,2011.0,,N,HRM,HRM,ACTIVE, ,,,,,,,,,,,,,,,,,,,,,TPW_TRAILS,,,,{7F54759C-8127-4C6D-9427-037EFAF2499A},25.3466721078686,0.0001731084024522
105483,2239.0,UNKNOWN NAME, ,ASPH, ,2.0,Y,,GOOD,2009.0,,N,HRM,HRM,ACTIVE, ,,,,,,,,,,,,,,,,,,,,,TPW_TRAILS,,,,{2E484B78-5ACB-4050-90F1-FE5250451747},64.3662174994836,0.0004824186467723
105520,2603.0,MCINTOSH RUN AT GREENWAY,AT_GW,ASPH,N,3.0,N,,GOOD,2011.0,,N,HRM,HRM,ACTIVE, ,,,,,,,,,,,,,,,N,N,Y,,,,TPW_TRAILS,,,,{FF2D9275-2FB7-4137-9676-6B57AC013971},136.523626061654,0.0011319595980684
105521,2604.0,MCINTOSH RUN AT GREENWAY,AT_GW,ASPH,N,3.0,N,,GOOD,2011.0,,N,HRM,HRM,ACTIVE, ,,,,,,,,,,,,,,,N,N,Y,,,,TPW_TRAILS,,,,{8D541367-9D80-4C56-97E6-80A44F01444D},62.8923384198183,0.0005148283436522
105522,2605.0,MCINTOSH RUN AT GREENWAY,AT_GW,CRDS,N,2.4,N,,GOOD,2011.0,,N,HRM,HRM,ACTIVE, ,,,,,,,,,,,,,,,N,N,Y,,,,TPW_TRAILS,,,,{423A62C5-9E37-4343-8032-0DE5E9317C2F},143.672499895113,0.0011843733043003
105523,2606.0,MCINTOSH RUN AT GREENWAY,AT_GW,ASPH,N,1.8,N,,GOOD,2011.0,,N,HRM,HRM,ACTIVE, ,,,,,,EXNS,,,,,,,,,N,N,Y,,,,TPW_TRAILS,,,,{6151C682-2F49-45C5-AD57-E3829BF0DA43},47.1317145136013,0.000405040066107
105525,2609.0,MCINTOSH RUN AT GREENWAY,AT_GW,NATU,N,2.5,N,,MARGINAL,2011.0,,N,HRM,HRM,ACTIVE,"exposed rock,rough sections,puddling",,,,,,EXNS,,,,,,,,,N,N,Y,,,,TPW_TRAILS,,,,{8A282A72-230C-453D-BC75-80DAEBB0EA45},738.385164064759,0.0052866682006071
105526,2611.0,MCINTOSH RUN AT GREENWAY,AT_GW,CRDS,N,3.0,N,,GOOD,2011.0,,N,HRM,HRM,ACTIVE, ,,,,,,HRT,,,,,,,,,N,N,Y,,,,TPW_TRAILS,,,,{75723FC1-C5E6-4631-8C3C-9F99EC0A3224},273.921055008564,0.0018930817540628
105663,2615.0,MCINTOSH RUN AT GREENWAY,AT_GW,GRAV,N,2.0,N,,MARGINAL,2011.0,,N,HRM,HRM,ACTIVE,exposed rock,,,,,,EXNS,,,,,,,,,N,N,Y,,,,TPW_TRAILS,,,,{984CAB35-771D-4031-BE89-94FF4530B613},485.007982928071,0.0032707676244687
105668,2621.0,MCINTOSH RUN AT GREENWAY,AT_GW,NATU,N,2.2,N,,MARGINAL,2011.0,,N,HRM,HRM,ACTIVE,"exposed rock, avg width",,,,,RRRDTR,EXNS,,,,,,,,,N,N,Y,,,,TPW_TRAILS,,,,{A11531F6-F935-4F1A-B310-A5062BE58E96},846.350845270188,0.0065631900797935
105783,865.0,UNKNOWN NAME,PRIMARY,CRDS,N,1.5,N,,GOOD,2007.0,,N,HRM,HRM,ACTIVE, ,,,,,,,,,,,,,,,,,,,,,TPW_TRAILS,,,,{922CCA47-D51F-4B98-B2CB-6A52E7FD9D9E},84.9174976775613,0.0005731748008932
105784,4058.0,UNKNOWN NAME,,ASPH,,2.0,N,,GOOD,2012.0,,N,HRM,HRM,ACTIVE,,2012/11/02 00:00:00+00,,,,RRRDTR,,,,,,,,,,,,,,,,,,,,{1F826912-63B1-4671-83E9-4C564E1F0D7B},53.2584763112466,0.0003990579535629
105788,867.0,FRESHWATER TRAIL PARK WALKWAY,SECONDARY,CRDS,N,2.0,N,,GOOD,2007.0,,N,HRM,HRM,ACTIVE, ,,,,,,,,,,,,,,,,,,,,,TPW_TRAILS,,,,{AE6FFB19-AA01-48EB-9A51-D209E00D88B7},29.8419449665714,0.0002471392460125
105790,872.0,UNKNOWN NAME,SECONDARY,CRDS,N,1.8,N,,GOOD,2007.0,,N,HRM,HRM,ACTIVE, ,,,,,,,,,,,,,,,,,,,,,TPW_TRAILS,,,,{C631755A-E739-49AE-883C-F965C6BC2184},100.08183577232,0.0008206152497138
105798,4380.0,UNKNOWN NAME,,CRDS,N,1.52,,,GOOD,2013.0,,,HRM,HRM,ACTIVE,,2013/09/16 00:00:00+00,,PLAN,,,,Y,Y,,,,,,,,,,,,,,,,,{9E467C01-FC66-433B-8521-C25177C157C7},79.4624269121308,0.0005970531918456
105799,4381.0,UNKNOWN NAME,,CRDS,N,1.52,,,GOOD,2013.0,,,HRM,HRM,ACTIVE,,2013/09/16 00:00:00+00,,PLAN,,,,Y,Y,,,,,,,,,,,,,,,,,{E1860027-7417-4EDB-BECE-D3942E665F58},122.72408209905,0.0010058070932975
105800,4382.0,UNKNOWN NAME,,CRDS,N,1.52,,,GOOD,2013.0,,,HRM,HRM,ACTIVE,,2013/09/16 00:00:00+00,,PLAN,,,,Y,Y,,,,,,,,,,,,,,,,,{F02391F3-F101-4BFF-8846-6D5D8AEC2622},366.06609090954,0.0028800896465633
105801,4385.0,UNKNOWN NAME,,CRDS,N,1.52,,,GOOD,2013.0,,,HRM,HRM,ACTIVE,,2013/09/16 00:00:00+00,,PLAN,,,,Y,Y,,,,,,,,,,,,,,,,,{750A5279-26FB-42EC-BB8F-DB4A7CA331B4},426.98890044191,0.003273458276144
105809,891.0,PORTLAND LAKES AT GREENWAY,AT_GW,OTHR,N,1.5,N,,GOOD,2009.0,,N,HRM,HRM,ACTIVE,Access Pebblecreel Cres-Water,,2016/02/05 00:00:00+00,,,,,,,,,,,,,,,Y,Dr Hugh Millward,,Portland Estates & Hills Residents Association,TPW_TRAILS,,,,{3E8F21F7-8CF5-40C7-BB8B-0099E2F925C4},203.592702654439,0.0014614392156196
105861,2595.0,MCINTOSH RUN AT GREENWAY,AT_GW,CRDS,N,2.7,N,,GOOD,2011.0,,N,HRM,HRM,ACTIVE,vehicle access restricted by boulders,,,,,,HRT,,,,,,,,,N,N,Y,,,,TPW_TRAILS,,,,{6ACE0997-8398-4062-8C49-F7A69A849EFB},148.783874253872,0.0013262341963928
105862,3144.0,MCINTOSH RUN AT GREENWAY,AT_GW,CRDS,N,3.0,N,,GOOD,2011.0,,N,HRM,HRM,ACTIVE, ,,,,,,,,,,,,,,,N,N,Y,,,,TPW_TRAILS,,,,{F308096C-241E-4359-93CF-8A096D29F380},208.801269803773,0.0017285402490835
105868,860.0,PORTLAND LAKES AT GREENWAY,AT_GW_PRI,GRAV,N,1.0,N,,GOOD,2010.0,,N,HRM,HRM,ACTIVE,Access to parking lot ,,2016/02/05 00:00:00+00,,,RRRDTR,HRT,Y,Y,Y,N,N,ALL,,,N,Y,Y,Dr Hugh Millward,,Portland Estates & Hills Residents Association,TPW_TRAILS,,,,{71E5FC40-63B3-483A-A87F-68546DA3991F},50.5032119959427,0.0004400431933455
105921,1008.0,LAKE BANOOK TRAIL ,PRIMARY,ASPH,N,3.0,N,,GOOD,2009.0,,N,HRM,HRM,ACTIVE, ,,2015/12/16 00:00:00+00,PICTOMETRY,,RRRDTR,HRT,Y,Y,Y,N,N,ALL,,,Y,N,Y,,,,TPW_TRAILS,,,,{0C54E9F5-E13F-416F-A70E-61CA304E0475},753.482921346287,0.006066450286117
105924,1416.0,GLEN SLAUENWHITE TRAIL,AT_GW,CRDS,N,3.0,N,,GOOD,2012.0,,N,HRM,HRM,ACTIVE, ,,2014/02/21 00:00:00+00,,,RRRDTR,HRT,Y,Y,Y,N,N,ALL,,,,N,Y,,,FRIENDS OF FIRST LAKE SOCIETY,TPW_TRAILS,C,2013/07/23 00:00:00+00,,{32708C21-7B56-4E91-9277-0480F45B20B3},1266.54069247301,0.0092828751757797
105925,1418.0,GLEN SLAUENWHITE TRAIL,AT_GW,ASPH,N,3.0,N,,GOOD,2012.0,,N,HRM,HRM,ACTIVE, ,,,,,RRRDTR,HRT,Y,Y,Y,N,N,ALL,,,,N,Y,,,FRIENDS OF FIRST LAKE SOCIETY,TPW_TRAILS,C,2013/07/23 00:00:00+00,,{990C79A9-3CC1-4D8E-865E-30F531047F91},8.71625185143095,7.81943080384756e-05
105971,790.0,LAKESIDE PUMP STATION DIVERSION,,CRDS,N,2.0,N,,GOOD,2014.0,,N,HRM,HRM,ACTIVE,,,,,,,,,,,,,,,,,,,,,,,,,,{6003FC06-C47E-48BD-84AF-B20C99BB38E7},328.709147439268,0.0024748590500927
106058,3499.0,BEDFORD SACKVILLE CONNECTOR AT GREENWAY,AT_GW,,,3.5,,,GOOD,2004.0,,N,HRM,,ACTIVE, ,,,,,RRRDTR,HRT,Y,Y,Y,N,N,ALL,2007/01/11 00:00:00+00,2007/01/11 00:00:00+00,N,N,Y,HRTAT,,SACKVILLE RIVERS ASSOCIATION,TRAILS_APR11,,,,{95BDFC4F-942E-40B9-8D51-D382F50048F8},2757.69029002945,0.0211069092859898
106099,3581.0,MOUNT HOPE AT GREENWAY,AT_GW,ASPH,,3.0,,,,2010.0,,,HRM,HRM,ACTIVE,,,2014/06/13 00:00:00+00,,,RRRDTR,,,Y,Y,N,N,ALL,,,N,,,,,,TRAILS_APR11,,,,{3CC7AAFA-D88D-49DB-9D3C-B6EEFC3286BB},688.802939956765,0.005626544602645
106145,884.0,PORTLAND LAKES AT GREENWAY,AT_GW,CRDS,N,3.0,N,,GOOD,2010.0,,N,HRM,HRM,ACTIVE,woodchip trail?,,2016/02/05 00:00:00+00,,,RRRDTR,HRT,Y,Y,Y,N,N,ALL,2007/01/09 00:00:00+00,2007/01/09 00:00:00+00,N,N,Y,Dr Hugh Millward,,Portland Estates & Hills Residents Association,TPW_TRAILS,,,Y,{E7B8A556-4480-4069-B76C-71E224E0D241},883.134797507757,0.0063529465223323
106146,888.0,PORTLAND LAKES AT GREENWAY,AT_GW,CRDS,N,3.0,Y,,GOOD,2010.0,,N,HRM,HRM,ACTIVE,WalkWay,,2016/02/05 00:00:00+00,,,RRRDTR,HRT,Y,Y,Y,N,N,ALL,2007/01/09 00:00:00+00,2007/01/09 00:00:00+00,N,N,Y,Dr Hugh Millward,,Portland Estates & Hills Residents Association,TPW_TRAILS,,,Y,{B3195967-A0F8-4DEB-AEDA-A5D7E5AB02A3},38.6920318251945,0.0003031990917281
106147,894.0,PORTLAND LAKES AT GREENWAY,AT_GW,WOOD,N,1.5,Y,,GOOD,2010.0,,N,HRM,HRM,ACTIVE,fence is rails-wood 1.1m,,2016/02/05 00:00:00+00,,,RRRDTR,HRT,Y,Y,Y,N,N,ALL,,,N,N,Y,Dr Hugh Millward,,Portland Estates & Hills Residents Association,TPW_TRAILS,,,,{27049D17-CF69-40E4-919D-8A23022DAA5F},120.000005498706,0.0010300123734647
106148,1420.0,GLEN SLAUENWHITE TRAIL,AT_GW,NATU,N,3.0,N,,GOOD,2012.0,,N,HRM,HRM,ACTIVE,over grass,,,,,RRRDTR,HRT,Y,Y,Y,N,N,ALL,,,,N,Y,,,FRIENDS OF FIRST LAKE SOCIETY,TPW_TRAILS,C,2013/07/23 00:00:00+00,,{D99288C8-26E4-4649-AEA8-E79E9523C13E},94.2273406364893,0.0008440645651968
106149,1423.0,GLEN SLAUENWHITE TRAIL,AT_GW,GRAV,N,3.0,N,,MARGINAL,2012.0,,N,HRM,HRM,ACTIVE, ,,,,,RRRDTR,HRT,Y,Y,Y,N,N,ALL,,,,N,Y,,,FRIENDS OF FIRST LAKE SOCIETY,TPW_TRAILS,C,2013/07/23 00:00:00+00,,{EC3A6937-CC07-4FE5-A7FE-18099306DDEB},34.0865407060305,0.0002989761803086
106150,1424.0,GLEN SLAUENWHITE TRAIL,AT_GW,CRDS,N,1.5,N,,MARGINAL,2012.0,,N,HRM,HRM,ACTIVE,overgrown,,,,,RRRDTR,HRT,Y,Y,Y,N,N,ALL,,,,N,Y,,,,TPW_TRAILS,C,2013/07/23 00:00:00+00,,{0DF0838B-CBA5-464C-92A7-47CD99EAC9D9},126.007238985016,0.0010699267866626
106151,1426.0,GLEN SLAUENWHITE TRAIL,AT_GW,CRDS,N,1.5,N,,GOOD,2012.0,,N,HRM,HRM,ACTIVE, ,,,,,RRRDTR,HRT,Y,Y,Y,N,N,ALL,,,,N,Y,,,,TPW_TRAILS,C,2013/07/23 00:00:00+00,,{F7F1E231-7805-45D1-A9B1-31B59F29AFE8},126.871345276602,0.0010630227843991
106152,1428.0,GLEN SLAUENWHITE TRAIL,AT_GW,CRDS,N,2.0,N,,GOOD,2012.0,,N,HRM,HRM,ACTIVE, ,,,,,RRRDTR,HRT,Y,Y,Y,N,N,ALL,,,,N,Y,,,,TPW_TRAILS,C,2013/07/23 00:00:00+00,,{F25C6E5F-4AB6-467E-A0C2-D8442691C391},122.153434117793,0.0009363205500817
106153,1429.0,GLEN SLAUENWHITE TRAIL,AT_GW,CRDS,N,1.5,N,,GOOD,2012.0,,N,HRM,HRM,ACTIVE, ,,,,,RRRDTR,HRT,Y,Y,Y,N,N,ALL,,,,N,Y,,,,TPW_TRAILS,C,2013/07/23 00:00:00+00,,{EBBFE3CA-D324-4F63-9B27-1EFD2E177034},30.7056097763298,0.000211139260011
106154,1432.0,GLEN SLAUENWHITE TRAIL,AT_GW,CRDS,N,2.0,N,,GOOD,2012.0,,N,HRM,HRM,ACTIVE,unfinished section,,,,,RRRDTR,HRT,Y,Y,Y,N,N,ALL,,,,N,Y,,,,TPW_TRAILS,C,2013/07/23 00:00:00+00,,{1B9065CC-C7FB-4264-8192-6FA74CFF32E4},9.98372109814815,6.54090150166032e-05
106155,1434.0,GLEN SLAUENWHITE TRAIL,PRIMARY,CRDS,N,1.5,N,,MARGINAL,2012.0,,N,HRM,HRM,ACTIVE,some washouts,,,,,RRRDTR,HRT,Y,Y,Y,N,N,ALL,,,,N,Y,,,,TPW_TRAILS,C,2013/07/23 00:00:00+00,,{4E10262E-E381-4925-BE9F-61E19E81A5AB},85.139838953214,0.000732840517094
106159,1437.0,GLEN SLAUENWHITE TRAIL,PRIMARY,GRAV,N,2.0,N,,MARGINAL,2012.0,,N,HRM,HRM,ACTIVE, ,,2014/02/21 00:00:00+00,,,RRRDTR,HRT,Y,Y,Y,N,N,ALL,,,,N,Y,,,,TPW_TRAILS,C,2013/07/23 00:00:00+00,,{F5F80769-E500-410E-8C20-BF5E4C78C335},69.3404030391917,0.000582826920989
106178,3545.0,SHUBIE CANAL GREENWAY,AT_GW,GRAV,,1.5,N,,GOOD,2009.0,,N,HRM,,ACTIVE, ,,,,,RRRDTR,HRT,Y,Y,Y,N,N,ALL,2007/01/10 00:00:00+00,2009/06/11 00:00:00+00,Y,N,Y,HRM GPS,,HRM,TRAILS_APR11,,,,{6C2564AC-416C-4427-8CE1-F65C0C6D9E37},166.673405177158,0.0011250702917878
106210,1435.0,GLEN SLAUENWHITE TRAIL,PRIMARY,CRDS,N,1.5,N,,GOOD,2012.0,,N,HRM,HRM,ACTIVE, ,,2014/02/21 00:00:00+00,,,RRRDTR,HRT,Y,Y,Y,N,N,ALL,,,,N,Y,,,,TPW_TRAILS,C,2013/07/23 00:00:00+00,,{F0D88A67-7D84-4B83-A9A0-9C0EC80EE0D9},91.0078360727525,0.0007231871766602
106219,883.0,PORTLAND LAKES AT GREENWAY,AT_GW,CRDS,N,3.0,N,,GOOD,2010.0,,N,HRM,HRM,ACTIVE,Bellbrook Cres - Havenbrook Hill,,2016/02/05 00:00:00+00,,,RRRDTR,HRT,Y,Y,Y,N,N,ALL,2007/01/09 00:00:00+00,2007/01/09 00:00:00+00,N,Y,Y,Dr Hugh Millward,,Portland Estates & Hills Residents Association,TPW_TRAILS,,,Y,{6C6F31DB-3CD0-4397-8A5A-6A50E1C52130},435.59015060252,0.0031363035017347
106222,863.0,SUMMER FIELD WAY PARK WALKWAY,SECONDARY,ASPH,N,2.0,Y,,GOOD,2010.0,,N,HRM,HRM,ACTIVE,fenced at ends only,,,,,RRRDTR,HRT,Y,Y,Y,N,N,ALL,,,N,N,Y,DR HUGH MILLWARD,,PORTLAND ESTATES RESIDENTS ASSOCIATION,TPW_TRAILS,,,,{FD4EC912-5F13-4E8B-A367-E6E53FAFBE68},275.08184020174,0.0019197852921213
106223,3506.0,BEDFORD SACKVILLE CONNECTOR AT GREENWAY,AT_GW,GRAV,,3.5,N,,GOOD,2004.0,,N,HRM,HRM,ACTIVE,Scott Manor House Entrance,,2016/01/12 00:00:00+00,PICTOMETRY,G,RRRDTR,HRT,Y,Y,Y,N,N,ALL,2007/01/11 00:00:00+00,2007/01/11 00:00:00+00,N,N,Y,HRTAT,,SACKVILLE RIVERS ASSOCIATION,TRAILS_APR11,,,,{7D0A14BE-F088-4F32-9F30-A85759E034A4},171.834357988734,0.0012698979103225
106234,1457.0,UNKNOWN NAME,PRIMARY,WOOD,N,1.7,N,,GOOD,2009.0,,N,HRM,HRM,ACTIVE,looks brand new,,,,,,,,,,,,,,,,,,,,,TPW_TRAILS,,,,{8FAAE5B7-45B8-419D-A1ED-2F777D31B58B},35.4069138708591,0.0002829986775729
106243,2233.0,UNKNOWN NAME, ,CRDS, ,1.8,N,,GOOD,2009.0,,N,HRM,HRM,ACTIVE, ,,,,,,,,,,,,,,,,,,,,,TPW_TRAILS,,,,{9C6B6708-8355-42B0-869A-8A6C11323C9A},48.4557685264232,0.0003563859761579
106269,2610.0,MCINTOSH RUN AT GREENWAY,AT_GW,CRDS,N,3.0,N,,GOOD,2011.0,,N,HRM,HRM,ACTIVE, ,,,,,,HRT,,,,,,,,,N,N,Y,,,,TPW_TRAILS,,,,{5B48EF6E-E041-4876-AC75-65AF90F9A18B},140.727766167247,0.0011088709583244
106273,905.0,PORTLAND LAKES AT GREENWAY,AT_GW,CRDS,N,3.0,N,,GOOD,2010.0,,N,HRM,HRM,ACTIVE,Access from FRESHWATER TRL,,2016/02/05 00:00:00+00,,,RRRDTR,HRT,Y,Y,Y,N,N,ALL,,,N,N,Y,Dr Hugh Millward,,Portland Estates & Hills Residents Association,TPW_TRAILS,,,,{3FE3C88C-ABA7-4192-B42C-7E0B656E586E},398.993984396909,0.0027883030577356
106274,908.0,PORTLAND LAKES AT GREENWAY,AT_GW,CRDS,N,3.0,N,,GOOD,2010.0,,N,HRM,HRM,ACTIVE, ,,2016/02/05 00:00:00+00,,,RRRDTR,HRT,Y,Y,Y,N,N,ALL,,,N,N,Y,Dr Hugh Millward,,Portland Estates & Hills Residents Association,TPW_TRAILS,,,,{6DBE8EDC-A932-4487-8022-AA484BB97184},104.674253937623,0.0007339777064548
106275,909.0,PORTLAND LAKES AT GREENWAY,AT_GW,GRAV,N,4.0,N,,GOOD,2010.0,,N,HRM,HRM,ACTIVE,,,2016/02/05 00:00:00+00,,,RRRDTR,HRT,Y,Y,Y,N,N,ALL,,,N,N,Y,Dr Hugh Millward,,Portland Estates & Hills Residents Association,TPW_TRAILS,,,,{7DAD8775-FBD1-428A-8941-1F90B76CD942},108.403986628117,0.0009463347531195
106276,1439.0,GLEN SLAUENWHITE TRAIL,AT_GW,CRDS,N,1.5,N,,GOOD,2012.0,,N,HRM,HRM,ACTIVE, ,,2014/02/21 00:00:00+00,,,RRRDTR,HRT,Y,Y,Y,N,N,ALL,,,,N,Y,,,FRIENDS OF FIRST LAKE SOCIETY,TPW_TRAILS,C,2013/07/23 00:00:00+00,,{84C5526E-D960-4712-8F34-35D52AAB4B74},210.509816773487,0.0018657929492642
106277,1458.0,GLEN SLAUENWHITE TRAIL,AT_GW,GRAV,N,2.0,N,,MARGINAL,2012.0,,N,HRM,HRM,ACTIVE,part natural,,,,,RRRDTR,HRT,Y,Y,Y,N,N,ALL,,,,N,Y,,,FRIENDS OF FIRST LAKE SOCIETY,TPW_TRAILS,C,2013/07/23 00:00:00+00,,{B3BA19F2-6B25-464D-AEDF-FCEED2CB7E9E},142.814698883406,0.0009949448698206
106294,913.0,PORTLAND LAKES AT GREENWAY,AT_GW_SEC,ASPH,N,1.5,N,,GOOD,2010.0,,N,HRM,HRM,ACTIVE,Access from Portland Estates Blvd,,2016/02/05 00:00:00+00,,,RRRDTR,HRT,Y,Y,Y,N,N,ALL,,,N,N,Y,Dr Hugh Millward,,Portland Estates & Hills Residents Association,TPW_TRAILS,,,,{12852C60-E488-4137-ABAB-00D654BEB577},14.8386485264692,0.0001260106821028
106295,911.0,PORTLAND LAKES AT GREENWAY,AT_GW,ASPH,Y,3.8,N,,GOOD,2010.0,,N,HRM,HRM,ACTIVE, ,,2016/02/05 00:00:00+00,,,RRRDTR,HRT,Y,Y,Y,N,N,ALL,,,N,N,Y,Dr Hugh Millward,,Portland Estates & Hills Residents Association,TPW_TRAILS,,,,{ED94293A-AB00-4B33-9301-8556341BA1B8},238.742243739806,0.0017342842202986
106296,912.0,PORTLAND LAKES AT GREENWAY,AT_GW,ASPH,Y,1.5,N,,GOOD,2010.0,,N,HRM,HRM,ACTIVE, ,,2016/02/05 00:00:00+00,,,RRRDTR,HRT,Y,Y,Y,N,N,ALL,,,N,N,Y,Dr Hugh Millward,,Portland Estates & Hills Residents Association,TPW_TRAILS,,,,{971460E5-90F7-4342-8BE2-DA9EE078EF04},216.40993301092,0.0018261614968416
106297,914.0,PORTLAND LAKES AT GREENWAY,AT_GW_PRI,ASPH,N,1.5,N,,GOOD,2010.0,,N,HRM,HRM,ACTIVE,Eisener Blvd - Portland Estates Blvd,,2016/02/05 00:00:00+00,,,RRRDTR,HRT,Y,Y,Y,N,N,ALL,,,N,N,Y,Dr Hugh Millward,,Portland Estates & Hills Residents Association,TPW_TRAILS,,,,{B9DAE223-210C-4B38-A9C1-3C93A8095237},709.765519402009,0.0057041217929588
106298,915.0,PORTLAND LAKES AT GREENWAY,AT_GW_SEC,CRDS,N,1.5,N,,GOOD,2010.0,,N,HRM,HRM,ACTIVE,Connector Trail w/ Bridge,,2016/02/05 00:00:00+00,,,RRRDTR,HRT,Y,Y,Y,N,N,ALL,,,N,N,Y,Dr Hugh Millward,,Portland Estates & Hills Residents Association,TPW_TRAILS,,,,{D4C2CC84-A172-40A5-96DE-63275B080877},38.7246563963453,0.0003325247616375
106299,926.0,PORTLAND LAKES AT GREENWAY,AT_GW_SEC,CRDS,N,1.5,N,,GOOD,2010.0,,N,HRM,HRM,ACTIVE,Connector Trail,,2016/02/05 00:00:00+00,,,RRRDTR,HRT,Y,Y,Y,N,N,ALL,,,N,N,Y,Dr Hugh Millward,,Portland Estates & Hills Residents Association,TPW_TRAILS,,,,{B0E08F55-8F55-49D8-B8B0-134523B5D423},33.662471722921,0.0002313288794864
106300,862.0,PORTLAND LAKES AT GREENWAY,AT_GW_PRI,GRAV,N,2.0,N,,GOOD,2010.0,,N,HRM,HRM,ACTIVE,Access to/from parking lot ,,2016/02/05 00:00:00+00,,,RRRDTR,HRT,Y,Y,Y,N,N,ALL,,,N,N,Y,Dr Hugh Millward,,Portland Estates & Hills Residents Association,TPW_TRAILS,,,,{0C73D403-25DA-47F1-B302-3FC9F1CFDEE9},257.252751025216,0.0019863359483093
106301,783.0,PORTLAND LAKES AT GREENWAY,AT_GW,CRDS,N,1.5,N,,GOOD,2010.0,,N,HRM,HRM,ACTIVE,,,2016/02/05 00:00:00+00,,,RRRDTR,HRT,Y,Y,Y,N,N,ALL,,,N,N,Y,Dr Hugh Millward,,Portland Estates & Hills Residents Association,,,,,{C9732682-1B59-43A5-A418-22CD7A10B74C},96.6169714404466,0.0006577718638553
106302,921.0,PORTLAND LAKES AT GREENWAY,AT_GW_SEC,CRDS,N,2.5,N,,GOOD,2010.0,,N,HRM,HRM,ACTIVE,side trail ,,2016/02/05 00:00:00+00,,,RRRDTR,HRT,Y,Y,Y,N,N,ALL,,,N,N,Y,Dr Hugh Millward,,Portland Estates & Hills Residents Association,TPW_TRAILS,,,,{CF7BDE86-A4F2-4209-BB0D-41A66BC0AB77},97.3763185395715,0.0007391776718724
106304,925.0,PORTLAND LAKES AT GREENWAY,AT_GW,ASPH,Y,1.5,N,,GOOD,2010.0,,N,HRM,HRM,ACTIVE, ,,2016/02/05 00:00:00+00,,,RRRDTR,HRT,Y,Y,Y,N,N,ALL,,,N,N,Y,Dr Hugh Millward,,Portland Estates & Hills Residents Association,TPW_TRAILS,,,,{9BA1D756-8336-4D43-BBCF-4CB2B5DB0ED4},67.9515289409479,0.0005994360351359
106310,900.0,PORTLAND LAKES AT GREENWAY,AT_GW,CRDS,N,2.5,N,,GOOD,2010.0,,N,HRM,HRM,ACTIVE,Access from BAKER DR,,2016/02/05 00:00:00+00,,,RRRDTR,HRT,Y,Y,Y,N,N,ALL,,,N,N,Y,Dr Hugh Millward,,Portland Estates & Hills Residents Association,TPW_TRAILS,,,,{786AFB18-8636-426E-8744-3ADC62D948D0},492.449149523053,0.0036885968172573
106311,895.0,PORTLAND LAKES AT GREENWAY,AT_GW,CRDS,N,1.1,N,,GOOD,2010.0,,N,HRM,HRM,ACTIVE, ,,2016/02/05 00:00:00+00,,,RRRDTR,HRT,Y,Y,Y,N,N,ALL,,,N,N,Y,Dr Hugh Millward,,Portland Estates & Hills Residents Association,TPW_TRAILS,,,,{1B68E76D-C01D-4970-93AC-754FC50F6C35},220.47903001426,0.0018314324286073
106312,924.0,PORTLAND LAKES AT GREENWAY,AT_GW,CRDS,N,1.5,N,,GOOD,2010.0,,N,HRM,HRM,ACTIVE, ,,2016/02/05 00:00:00+00,,,RRRDTR,HRT,Y,Y,Y,N,N,ALL,,,N,N,Y,Dr Hugh Millward,,Portland Estates & Hills Residents Association,TPW_TRAILS,,,,{EACA2E19-39FE-4A80-A94F-426FFB79A127},213.940313669501,0.0017652461281704
106313,899.0,PORTLAND LAKES AT GREENWAY,AT_GW,CRDS,N,1.3,N,,GOOD,2010.0,,N,HRM,HRM,ACTIVE, ,,2016/02/05 00:00:00+00,,,RRRDTR,HRT,Y,Y,Y,N,N,ALL,,,N,N,Y,Dr Hugh Millward,,Portland Estates & Hills Residents Association,TPW_TRAILS,,,,{813C80AF-5524-4CA3-AC00-1C2FC0E261AA},29.013211727097,0.0002188677140376
106315,902.0,PORTLAND LAKES AT GREENWAY,AT_GW,GRAV,N,4.0,Y,,GOOD,2010.0,,N,HRM,HRM,ACTIVE,Access from BAKER DR,,2016/02/05 00:00:00+00,,,RRRDTR,HRT,Y,Y,Y,N,N,ALL,,,N,N,Y,Dr Hugh Millward,,Portland Estates & Hills Residents Association,TPW_TRAILS,,,,{89F4175C-2F47-4E46-98EB-D5D55A0147EF},186.930056598973,0.0015112341171071
106365,1419.0,GLEN SLAUENWHITE TRAIL,AT_GW,GRAV,N,3.0,N,,MARGINAL,2012.0,,N,HRM,HRM,ACTIVE, ,,,,,RRRDTR,HRT,Y,Y,Y,N,N,ALL,,,,N,Y,,,FRIENDS OF FIRST LAKE SOCIETY,TPW_TRAILS,C,2013/07/23 00:00:00+00,,{47FEB670-F444-42D8-B2DE-03DD2FA7026E},24.69967293504,0.0002138191754766
106387,1242.0,DEWOLFE PARK AT GREENWAY,AT_GW,CONC, ,3.0,N,,GOOD,2003.0,,N,HRM,MANA,ACTIVE,exp aggr. area under construction,,,,,,,,,,,,,,,N,N,,,,,TPW_TRAILS,,,,{6C292293-ECC5-499A-BA62-DEA212BA5337},563.276764078185,0.0042423895939649
106388,2447.0,DEWOLFE PARK AT GREENWAY,AT_GW,CONC, ,3.9,Y,,GOOD,2003.0,,N,HRM,MANA,ACTIVE,chian rail post2post,,,,,,,,,,,,,,,N,N,,,,,TPW_TRAILS,,,,{BD0D7D0A-5C3E-4096-B8DC-7FDA23027A67},148.975910843154,0.001046445427341
106389,2449.0,DEWOLFE PARK AT GREENWAY,AT_GW,WOOD, ,3.9,N,,GOOD,2003.0,,N,HRM,MANA,ACTIVE,part of plaza/viewing area,,,,,,,,,,,,,,,N,N,,,,,TPW_TRAILS,,,,{3994D663-0055-4F5C-8BEC-646C098EB1A9},21.2576768633157,0.0001460920231482
106391,923.0,PORTLAND LAKES AT GREENWAY,AT_GW,NATU,N,0.5,N,,GOOD,2010.0,,N,HRM,HRM,ACTIVE,Access from EISENER BLVD,,2016/02/05 00:00:00+00,,,RRRDTR,HRT,Y,Y,Y,N,N,ALL,,,N,N,Y,Dr Hugh Millward,,Portland Estates & Hills Residents Association,TPW_TRAILS,,,,{91C76CE4-CDB2-4D42-9044-8E6A41629D2D},40.1724607732573,0.0003501673686103
106398,4060.0,BEDFORD SACKVILLE CONNECTOR AT GREENWAY,AT_GW,,,3.5,,,GOOD,2004.0,,Y,HRM,UN,ACTIVE,Portion of Sidewalk System,,,,,RRRDTR,HRT,Y,Y,Y,N,N,ALL,2007/01/11 00:00:00+00,2007/01/11 00:00:00+00,N,N,Y,HRTAT,,SACKVILLE RIVERS ASSOCIATION,TRAILS_APR11,,,,{2D283281-9BD1-4306-B0DA-829168AC1A82},653.035049935092,0.0049426645700975
106399,4699.0,SHUBIE CANAL GREENWAY,AT_GW,CRDS,N,1.5,N,,GOOD,2009.0,,N,HRM,HRM,ACTIVE, ,,,,,,,,,,,,,,,Y,,,,,,TPW_TRAILS,,,,{FA545284-FA1D-4ED5-8B53-6F99A9D432AC},37.1776393121361,0.0002430463748499
106403,4401.0,PORTLAND LAKES AT GREENWAY,AT_GW,CRDS,N,1.5,N,,GOOD,2010.0,,N,HRM,HRM,ACTIVE,Connecter Trail,,2016/02/05 00:00:00+00,,,RRRDTR,HRT,Y,Y,Y,N,N,ALL,,,N,N,Y,Dr Hugh Millward,,Portland Estates & Hills Residents Association,TPW_TRAILS,,,,{70750ED5-7455-42DA-A5FF-DBEAF4216260},88.9385055536291,0.0005914739936524
106409,2634.0,SHUBIE CANAL GREENWAY,AT_GW,ASPH,N,3.0,N,,GOOD,2009.0,,N,HRM,HRM,ACTIVE, ,,2015/12/16 00:00:00+00,PICTOMETRY,,RRRDTR,HRT,Y,Y,Y,N,N,ALL,,,Y,N,Y,,,,TPW_TRAILS,,,,{F4BBBD4E-0B91-4B7A-A459-2F850D773667},588.749211296789,0.004362372890268
106430,922.0,PORTLAND LAKES AT GREENWAY,AT_GW,CRDS,N,1.5,N,,GOOD,2010.0,,N,HRM,HRM,ACTIVE, ,,2016/02/05 00:00:00+00,,,RRRDTR,HRT,Y,Y,Y,N,N,ALL,,,N,N,Y,Dr Hugh Millward,,Portland Estates & Hills Residents Association,TPW_TRAILS,,,,{72C5B7BF-72B0-4DF9-B123-5A5A57785911},234.079178206378,0.0019423521481442
106431,920.0,PORTLAND LAKES AT GREENWAY,AT_GW,ASPH,Y,1.5,N,,GOOD,2010.0,,N,HRM,HRM,ACTIVE, ,,2016/02/05 00:00:00+00,,,RRRDTR,HRT,Y,Y,Y,N,N,ALL,,,N,N,Y,Dr Hugh Millward,,Portland Estates & Hills Residents Association,TPW_TRAILS,,,,{07BA74A9-D23F-464A-9076-D4F9E96ACA84},299.175415548871,0.002666651789071
106495,2307.0,DEWOLFE PARK AT GREENWAY,AT_GW,CONC, ,3.9,Y,,GOOD,2003.0,,Y,HRM,MANA,ACTIVE,pavers,,,,,,,,,,,,,,,N,N,,,,,TPW_TRAILS,,,,{28004024-4314-4282-A394-54A4E6FD98D8},152.059137836984,0.0010397086477381
106498,1777.0,DARTMOUTH WATERFRONT TRAIL,AT_GW,ASPH, ,3.0,N,,GOOD,2009.0,,N,HRM,HRM,ACTIVE,some heaving at Prince St. end,,,,,RRRDTR,HRT,,,,,,,,,Y,,,,,,TPW_TRAILS,,,,{B332EFA4-22BD-43E9-A0E6-DFD479F3DFED},300.043371377763,0.0025178380246405
106499,1786.0,DARTMOUTH WATERFRONT TRAIL,AT_GW,ASPH,Y,3.0,Y,,GOOD,2009.0,,N,HRM,HRM,ACTIVE,boardwalk-rail 1 side,,,,,RRRDTR,HRT,,,,,,,,,Y,,,HRM,,HRM,TPW_TRAILS,,,,{8F771F02-94AA-4FCA-A2CF-90CF7AECEAED},68.7547164619411,0.0005096311254981
106500,1787.0,DARTMOUTH WATERFRONT TRAIL,AT_GW,ASPH,Y,3.0,N,,GOOD,2009.0,,N,HRM,HRM,ACTIVE, ,,,,,RRRDTR,HRT,,,,,,,,,,,,HRM,,HRM,TPW_TRAILS,,,,{D9BF9C7A-8FE8-4C63-9496-FAECA9EA981D},66.5515848365576,0.0004588085844342
106501,1788.0,DARTMOUTH WATERFRONT TRAIL,AT_GW,ASPH, ,3.0,Y,,GOOD,2009.0,,N,HRM,HRM,ACTIVE,wood rail1 side,,,,,RRRDTR,HRT,,,,,,,,,,,,HRM,,HRM,TPW_TRAILS,,,,{56A39D08-8403-42C3-9384-FCC7E48AAC36},40.5971357466153,0.0002805771332243
106507,699.0,CHAIN OF LAKES GREENWAY,AT_GW,ASPH,N,,N,,GOOD,2014.0,,N,HRM,HRM,ACTIVE,,,,,,,,Y,Y,Y,,,,,2015/07/27 10:19:10+00,Y,,,,,Chain of Lakes Trail Association,,,,,{53A4B387-113D-4558-B9A7-75190ABA31FA},87.6396093097427,0.0007826179688627
106511,5040.0,BISSETT LAKE GREENWAY,AT_GW,CRDS,,3.0,,,GOOD,2010.0,,N,HRM,HRM,ACTIVE,,2013/04/16 00:00:00+00,2015/06/16 00:00:00+00,,,RRRDTR,,,,,,,,,,Y,,,,,,AIRPHOTO,A,2013/07/23 00:00:00+00,N,{55A4C40D-2A10-4CF3-9FF2-7ED837521688},807.992391948658,0.0057460822343715
106553,1792.0,DARTMOUTH WATERFRONT TRAIL,AT_GW,ASPH,Y,3.0,N,,GOOD,2009.0,,N,HRM,HRM,ACTIVE,sides overgrown,,,,,RRRDTR,HRT,,,,,,,,,,,,HRM,,HRM,TPW_TRAILS,,,,{A2BB8182-0FBE-4DDB-93B8-A5314835E74D},71.4856604770377,0.0004854312368021
106584,3580.0,BEDFORD SACKVILLE CONNECTOR AT GREENWAY,AT_GW,,,3.5,,,GOOD,2004.0,,N,HRM,UN,ACTIVE,Portion of Sidewalk System,,,,,RRRDTR,HRT,Y,Y,Y,N,N,ALL,2007/01/11 00:00:00+00,2007/01/11 00:00:00+00,N,N,Y,HRTAT,,SACKVILLE RIVERS ASSOCIATION,TRAILS_APR11,,,,{A8341321-B3C6-4EB8-8B49-D61B3B9D96C6},897.679886379897,0.0073608540153903
106628,3163.0,DARTMOUTH WATERFRONT TRAIL,AT_GW,ASPH, ,3.0,Y,,GOOD,2009.0,,N,HRM,HRM,ACTIVE,rail fence 1 side,,,,,RRRDTR,HRT,,,,,,,,,,,,,,,TPW_TRAILS,,,,{A0FFCEAC-4162-43E0-AD20-1868E5029928},99.3130815228992,0.000734276137723
106630,3175.0,DARTMOUTH WATERFRONT TRAIL,AT_GW,ASPH, ,3.0,N,,GOOD,2009.0,,N,HRM,HRM,ACTIVE, ,,,,,RRRDTR,HRT,,,,,,,,,,,,,,,TPW_TRAILS,,,,{548C184C-7999-4B61-8B0E-1B2D6DCAD336},103.65790623349,0.0006800599627992
106631,3176.0,DARTMOUTH WATERFRONT TRAIL,AT_GW,ASPH, ,3.0,N,,GOOD,2009.0,,N,HRM,HRM,ACTIVE, ,,,,,RRRDTR,HRT,,,,,,,,,,,,,,,TPW_TRAILS,,,,{C4C5A784-878F-4660-A91A-A1395E3D5E71},212.386249704065,0.0014110813484027
106657,2014.0,UNKNOWN NAME,SECONDARY,CRDS, ,1.9,N,,GOOD,2009.0,,N,HRM,HRM,ACTIVE, ,,,,,,,,,,,,,,,,,,,,,TPW_TRAILS,,,,{022B41F6-ABF6-4207-8D7F-75949D6A2EE6},40.7518415370761,0.0002906602903347
106658,2026.0,UNKNOWN NAME,SECONDARY,ASPH, ,2.3,N,,GOOD,2009.0,,N,HRM,HRM,ACTIVE,to floating dock,,,,,,,,,,,,,,,,,,,,,TPW_TRAILS,,,,{72381D97-154C-4FDE-9268-A5B639F1CC78},18.560924510663,0.0001581301883834
106677,696.0,MELHAM DRIVE PARK TRAIL,,CRDS,N,1.5,N,,GOOD,2015.0,,N,HRM,HRM,ACTIVE,,2015/12/17 00:00:00+00,,,,,,,,,,,,,,N,N,,,,,,,,,{04A19449-65C7-4FC8-A813-524199D93CD6},86.8865822156756,0.0006017756384301
106736,1240.0,DEWOLFE PARK AT GREENWAY,AT_GW,CONC, ,3.9,Y,,GOOD,2003.0,,Y,HRM,MANA,ACTIVE,pavers-chain rail post2post,,,,,,,,,,,,,,,N,N,,,,,TPW_TRAILS,,,,{6B991BEF-18F4-484E-95A1-6BE41D8920F8},128.202469947669,0.0008539578988731
106765,1468.0,GLEN SLAUENWHITE TRAIL,AT_GW,CRDS,N,3.0,N,,GOOD,2012.0,,N,PROV,HRM,ACTIVE, ,,,,,RRRDTR,HRT,Y,Y,Y,N,N,ALL,,,,N,Y,,,FRIENDS OF FIRST LAKE SOCIETY,TPW_TRAILS,C,2013/07/23 00:00:00+00,,{5B406F7A-65A2-4CC1-A5B2-AA8909A1A128},1221.29569887041,0.0100024197194247
106769,1460.0,GLEN SLAUENWHITE TRAIL,AT_GW,OTHR,N,2.5,N,,GOOD,2012.0,,N,PROV,HRM,ACTIVE,material is crusher dust,,2015/08/18 00:00:00+00,,,RRRDTR,HRT,Y,Y,Y,N,N,ALL,,,,N,Y,,,FRIENDS OF FIRST LAKE SOCIETY,TPW_TRAILS,C,2013/07/23 00:00:00+00,,{C94869CA-4EAE-4D2E-99EC-F97C632C151F},48.0025462219547,0.0003848151932608
106771,4390.0,GLEN SLAUENWHITE TRAIL,AT_GW,CRDS,N,3.0,N,,GOOD,2012.0,,N,HRM,HRM,ACTIVE, ,2014/02/21 00:00:00+00,,,,RRRDTR,HRT,Y,Y,Y,N,N,ALL,,,,N,Y,,,FRIENDS OF FIRST LAKE SOCIETY,TPW_TRAILS,C,2013/07/23 00:00:00+00,,{50E7575B-0116-4B48-9D73-C2809AE58488},173.049990795602,0.0011808170196018
106784,3162.0,DARTMOUTH WATERFRONT TRAIL,AT_GW,ASPH, ,3.0,N,,GOOD,2009.0,,N,HRM,HRM,ACTIVE, ,,,,,RRRDTR,HRT,,,,,,,,,,,,,,,TPW_TRAILS,,,,{2F3FE7C5-5821-44AF-BA1C-CD16E9A765BF},150.883106078681,0.0011166127264867
106787,3177.0,DARTMOUTH WATERFRONT TRAIL,AT_GW,ASPH, ,3.0,N,,GOOD,2009.0,,N,HRM,HRM,ACTIVE, ,,,,,RRRDTR,HRT,,,,,,,,,,,,,,,TPW_TRAILS,,,,{1BABC37F-DFCF-4559-9C19-1399BC39E05E},72.6997549962389,0.0005385927323125
106788,3178.0,DARTMOUTH WATERFRONT TRAIL,AT_GW,ASPH, ,3.0,N,,GOOD,2009.0,,N,HRM,HRM,ACTIVE, ,,,,,RRRDTR,HRT,,,,,,,,,,,,,,,TPW_TRAILS,,,,{AF14C6F6-DB64-4524-A067-104BE05E0D53},290.176982341902,0.0021278351267341
106789,3179.0,DARTMOUTH WATERFRONT TRAIL,AT_GW,ASPH, ,3.0,N,,GOOD,2009.0,,N,HRM,HRM,ACTIVE, ,,,,,RRRDTR,HRT,,,,,,,,,,,,,,,TPW_TRAILS,,,,{55C6ED42-3E1A-4268-B64F-A317511B8020},164.983819016703,0.0013999235453989
106791,3181.0,DARTMOUTH WATERFRONT TRAIL,AT_GW,ASPH, ,3.0,N,,GOOD,2009.0,,N,HRM,HRM,ACTIVE, ,,,,,RRRDTR,HRT,,,,,,,,,,,,,,,TPW_TRAILS,,,,{E55DC989-2EA5-415D-804C-77259215F671},142.803753583964,0.0010312012091599
106792,3182.0,DARTMOUTH WATERFRONT TRAIL,AT_GW,ASPH, ,3.0,N,,GOOD,2009.0,,N,PROV,HRM,ACTIVE, ,,,,,RRRDTR,HRT,,,,,,,,,,,,,,,TPW_TRAILS,,,,{1299E284-7530-4672-B4AF-01196B8BB780},132.779425756282,0.0008656867451868
106793,3183.0,DARTMOUTH WATERFRONT TRAIL,AT_GW,ASPH, ,3.0,N,,GOOD,2009.0,,N,HRM,HRM,ACTIVE, ,,,,,RRRDTR,HRT,,,,,,,,,,Y,,,,,TPW_TRAILS,,,,{21FB4E5B-A5A1-40A6-827D-00CD99EFF509},146.813295469111,0.0009930939250171
106796,5052.0,GEZIER HILL TRAIL,SECONDARY,CRDS,N,1.8,Y,,GOOD,2013.0,,N,HRM,HRM,ACTIVE,Chain Link Fence along Washmill Lake Dr,2013/09/03 00:00:00+00,2014/12/04 00:00:00+00,CRS,,,,Y,Y,,,,,,,,,,,,Northwest Trails Association,,A,2014/12/02 00:00:00+00,,{02DDE8DB-530A-4B6A-87DF-C6FF8020456D},956.611811981882,0.0070397349868403
106833,4402.0,PORTLAND LAKES AT GREENWAY,AT_GW,CRDS,N,1.5,N,,GOOD,2010.0,,N,HRM,HRM,ACTIVE,Connecter Trail,,2016/02/05 00:00:00+00,,,RRRDTR,HRT,Y,Y,Y,N,N,ALL,,,N,N,Y,Dr Hugh Millward,,Portland Estates & Hills Residents Association,TPW_TRAILS,,,,{5B919302-961D-454B-9580-AE056093437F},26.6660180112783,0.0001759087597939
106834,861.0,PORTLAND LAKES AT GREENWAY,AT_GW_PRI,GRAV,N,2.0,N,,GOOD,2010.0,,N,HRM,HRM,ACTIVE,Access to/from parking lot ,,2016/02/05 00:00:00+00,,,RRRDTR,HRT,Y,Y,Y,N,N,ALL,,,N,N,Y,Dr Hugh Millward,,Portland Estates & Hills Residents Association,TPW_TRAILS,,,,{D09B8EF8-46BA-4EDA-A087-B245C53897E4},648.965588807498,0.0052876472224195
106843,1422.0,GLEN SLAUENWHITE TRAIL,AT_GW,CRDS,N,1.8,N,,GOOD,2012.0,,N,HRM,HRM,ACTIVE, ,,2014/02/21 00:00:00+00,,,RRRDTR,HRT,Y,Y,Y,N,N,ALL,,,,N,Y,,,FRIENDS OF FIRST LAKE SOCIETY,TPW_TRAILS,C,2013/07/23 00:00:00+00,,{6E759FAC-77F0-47E7-8BD9-69B838CFEF3E},103.720274205696,0.0009206188614342
106844,2868.0,GLEN SLAUENWHITE TRAIL,SECONDARY,CRDS,N,1.8,N,,GOOD,2012.0,,N,HRM,HRM,ACTIVE, ,,2014/02/21 00:00:00+00,,,RRRDTR,HRT,Y,Y,Y,N,N,ALL,,,,N,Y,,,FRIENDS OF FIRST LAKE SOCIETY,TPW_TRAILS,C,2013/07/23 00:00:00+00,,{E4F2AB09-A9F4-498A-A0C2-1B43A0810AB0},53.060229146574,0.0003731062242547
106845,2870.0,GLEN SLAUENWHITE TRAIL,SECONDARY,GRAV,N,1.5,N,,MARGINAL,2012.0,,N,HRM,HRM,ACTIVE, ,,,,,RRRDTR,HRT,Y,Y,Y,N,N,ALL,,,,N,Y,,,FRIENDS OF FIRST LAKE SOCIETY,TPW_TRAILS,C,2013/07/23 00:00:00+00,,{9587C792-624E-45FA-BEFF-710729820938},27.1689980916347,0.0002389743799328
106851,2315.0,BEDFORD SACKVILLE CONNECTOR AT GREENWAY,AT_GW,CRDS, ,1.5,N,,MARGINAL,2004.0,,N,HRM,UN,ACTIVE,lacks surf mat. -flood plane-some weeds,,2012/11/02 00:00:00+00,,,RRRDTR,HRT,Y,Y,Y,N,N,ALL,,,N,N,Y,HRTAT,,SACKVILLE RIVERS ASSOCIATION,TPW_TRAILS,,,,{BA127838-6786-46E8-8580-B9D71F25E6C3},118.955674491082,0.0009860848678709
106868,991.0,GLEN SLAUENWHITE TRAIL,TERIARY,NATU,N,1.0,N,,MARGINAL,2012.0,,N,HRM,HRM,ACTIVE, ,,,,,RRRDTR,HRT,Y,Y,Y,N,N,ALL,,,,N,Y,,,,TPW_TRAILS,C,2013/07/23 00:00:00+00,,{32EBEF8B-2C6F-4FB2-8383-A5A01793BB48},29.1853091388389,0.0002606069981872
106877,2012.0,UNKNOWN NAME,SECONDARY,CRDS, ,1.9,N,,GOOD,2009.0,,N,HRM,HRM,ACTIVE, ,,,,,,,,,,,,,,,,,,,,,TPW_TRAILS,,,,{116042CB-F549-4F73-803F-475BF6E17F48},37.6488293679085,0.0003237802482572
106888,2614.0,MCINTOSH RUN AT GREENWAY,AT_GW,GRAV,N,2.3,N,,GOOD,2011.0,,N,HRM,HRM,ACTIVE,access to ball diamond,,,,,,EXNS,,,,,,,,,N,N,Y,,,,TPW_TRAILS,,,,{4C74B196-E873-463F-A390-485907E7F404},177.868523371984,0.0013234061142004
106889,3497.0,ATLANTIC VIEW AT GREENWAY,AT_GW,GRAV,Y,3.0,Y,,GOOD,2002.0,2002/01/01 00:00:00+00,N,PROV,HRM,ACTIVE,Salt Marsh - 3 Fathom Harbour 10km,2015/05/28 00:00:00+00,2016/01/11 00:00:00+00,Regional,,RRRDTR,HRT,Y,Y,Y,N,N,ALL,2007/01/10 00:00:00+00,2007/01/10 00:00:00+00,Y,Y,Y,Regional Trail,,Atlantic View Trails Association,TRAILS_APR11,A,,N,{717BDB89-6C8F-4B7F-B6A5-0FEAE6DA2343},14312.2705411557,0.116178089813448
106903,4383.0,UNKNOWN NAME,,CRDS,N,1.52,,,GOOD,2013.0,,,HRM,HRM,ACTIVE,,2013/09/16 00:00:00+00,,PLAN,,,,Y,Y,,,,,,,,,,,,,,,,,{B22CDEDD-E741-4E74-9FB8-F59ED6566788},160.378769755346,0.0010525733062729
106915,927.0,PORTLAND LAKES AT GREENWAY,AT_GW_PRI,CRDS,N,1.5,N,,GOOD,2010.0,,N,HRM,HRM,ACTIVE,Access from Portland Estates Blvd,,2016/02/05 00:00:00+00,,,RRRDTR,HRT,Y,Y,Y,N,N,ALL,,,N,N,Y,Dr Hugh Millward,,Portland Estates & Hills Residents Association,TPW_TRAILS,,,,{325927B9-AC40-4600-B989-642631721750},618.157866056134,0.0049223271718289
106916,932.0,PORTLAND LAKES AT GREENWAY,AT_GW_PRI,ASPH,N,2.0,Y,,GOOD,2010.0,,N,HRM,HRM,ACTIVE,Access Waterside Terr,,2016/02/05 00:00:00+00,,,RRRDTR,HRT,Y,Y,Y,N,N,ALL,,,N,N,Y,Dr Hugh Millward,,Portland Estates & Hills Residents Association,TPW_TRAILS,,,,{9427B713-3A5B-4E58-AAA7-84E1F7244EAC},236.526199627799,0.0020184486782827
106917,3699.0,PORTLAND LAKES AT GREENWAY,AT_GW,ASPH,N,3.0,N,,GOOD,2010.0,,N,HRM,HRM,ACTIVE,Parking Lot - Portland HIlls Terminal ,,2016/02/05 00:00:00+00,,,RRRDTR,HRT,Y,Y,Y,N,N,ALL,2007/01/09 00:00:00+00,2007/01/09 00:00:00+00,N,N,Y,Dr Hugh Millward,,Portland Estates & Hills Residents Association,TRAILS_APR11,,,,{C7F97DCA-0609-44DE-846C-E022FFA9374E},345.705616511424,0.0025254380667316
106939,1041.0,DEWOLFE PARK AT GREENWAY,AT_GW,CONC, ,6.9,Y,,GOOD,2003.0,,Y,HRM,MANA,ACTIVE,chain rail post2post,,,,,,,,,,,,,,,N,N,,,,,TPW_TRAILS,,,,{C7E75260-93FD-4B5B-8BE0-5B3885E825C3},298.595125223182,0.0026097724465884
106940,1137.0,BEDFORD SACKVILLE CONNECTOR AT GREENWAY,AT_GW,CRDS, ,3.0,N,,GOOD,2004.0,,N,HRM,UN,ACTIVE,sides overgrown,,2012/11/02 00:00:00+00,,,RRRDTR,HRT,Y,Y,Y,N,N,ALL,2007/01/11 00:00:00+00,2007/01/11 00:00:00+00,N,N,Y,HRTAT,,SACKVILLE RIVERS ASSOCIATION,TPW_TRAILS,,,,{ED7347A5-4BF5-42D3-9A02-3F7A2873488E},625.063280575758,0.0048057379424294
106941,2314.0,BEDFORD SACKVILLE CONNECTOR AT GREENWAY,AT_GW,CRDS, ,1.8,N,,GOOD,2004.0,,N,HRM,UN,ACTIVE, ,,2012/11/02 00:00:00+00,,,RRRDTR,HRT,Y,Y,Y,N,N,ALL,,,N,N,Y,HRTAT,,SACKVILLE RIVERS ASSOCIATION,TPW_TRAILS,,,,{4A726123-4AA2-48BE-9610-C8B90BF9CB4B},178.061006856302,0.0013043718498925
106942,1789.0,DARTMOUTH WATERFRONT TRAIL,AT_GW,ASPH, ,3.0,Y,,GOOD,2009.0,,N,PRIV,HRM,ACTIVE, ,,,,,RRRDTR,HRT,,,,,,,,,,,,HRM,,HRM,TPW_TRAILS,,,,{6916A23C-C04E-4D88-AB16-EE1926CE8668},66.8296598816552,0.0005117205753999
106965,889.0,PORTLAND LAKES AT GREENWAY,AT_GW,NATU,N,3.0,Y,,GOOD,2010.0,,N,HRM,HRM,ACTIVE,unfinished trail - By Playground,,2016/02/05 00:00:00+00,,,RRRDTR,HRT,Y,Y,Y,N,N,ALL,2007/01/09 00:00:00+00,2007/01/09 00:00:00+00,N,N,Y,Dr Hugh Millward,,Portland Estates & Hills Residents Association,TPW_TRAILS,,,,{6D949027-9058-4D7A-A0C8-4875D32DCBE8},24.6140628842874,0.0001573087612122
106969,702.0,UNKNOWN NAME,,,N,,N,,GOOD,2014.0,,N,HRM,HRM,ACTIVE,,2014/12/12 00:00:00+00,,PICTOMETRY,,,,,,,,,,,,,,,,,,,,,,{7EEE32A7-5F98-4040-9141-7AC7E8C7DE5F},89.1603214249536,0.0006122726818384
106996,2037.0,SHUBIE CANAL GREENWAY,AT_GW,CONC,Y,1.5,N,,GOOD,2009.0,,N,HRM,HRM,ACTIVE, ,,,,,,,,,,,,,,,Y,,,,,,TPW_TRAILS,,,,{2AAC9A01-D8B4-403F-886E-122732E889FE},26.3502906831624,0.0001728111466711
107004,4399.0,PORTLAND LAKES AT GREENWAY,AT_GW_SEC,GRAV,N,1.6,N,,GOOD,2010.0,,N,HRM,HRM,ACTIVE,Trail Loop,,2016/02/05 00:00:00+00,,,RRRDTR,HRT,Y,Y,Y,N,N,ALL,,,N,N,Y,Dr Hugh Millward,,Portland Estates & Hills Residents Association,TPW_TRAILS,,,,{0229228A-43F2-4630-BA18-0410717B7910},137.756781551105,0.0010004475442055
107005,4404.0,THE BIRCHES PARK TRAIL,TERIARY,GRAV,N,2.8,N,,GOOD,2010.0,,N,HRM,HRM,ACTIVE,Look Out Point ,,2016/02/05 00:00:00+00,,,RRRDTR,HRT,Y,Y,Y,N,N,ALL,,,N,N,Y,DR HUGH MILLWARD,,Portland Estates & Hills Residents Association,TPW_TRAILS,,,,{E2A841DA-4EDB-4A95-80FE-DDAAEB29FABF},33.5233722190526,0.0002181030427266
107007,2316.0,BEDFORD SACKVILLE CONNECTOR AT GREENWAY,AT_GW,CRDS, ,2.2,N,,GOOD,2004.0,,N,HRM,UN,ACTIVE,some weed growth,,2012/11/02 00:00:00+00,,,RRRDTR,HRT,Y,Y,Y,N,N,ALL,,,N,N,Y,HRTAT,,SACKVILLE RIVERS ASSOCIATION,TPW_TRAILS,,,,{2E6DC830-41CE-4386-8C28-349A3F1B9BB3},165.364835108,0.0013245759606263
107008,2319.0,DEWOLFE PARK AT GREENWAY,AT_GW,CONC, ,1.7,Y,,GOOD,2003.0,,Y,HRM,MANA,ACTIVE,areas/settled pavers chain rail-post2pos,,,,,,,,,,,,,,,N,N,,,,,TPW_TRAILS,,,,{34EFF649-EDCD-4379-A9F5-BAADA5BE7758},297.03902796797,0.0021990636665866
107009,2320.0,BEDFORD SACKVILLE CONNECTOR AT GREENWAY,AT_GW,CRDS, ,3.0,N,,GOOD,2004.0,,N,HRM,UN,ACTIVE, ,,2012/11/02 00:00:00+00,,,RRRDTR,HRT,Y,Y,Y,N,N,ALL,,,N,N,Y,HRTAT,,SACKVILLE RIVERS ASSOCIATION,TPW_TRAILS,,,,{81646DB9-32E5-4CD6-95FC-917955D28FBD},197.507755242497,0.0014308109965834
107010,2336.0,BEDFORD SACKVILLE CONNECTOR AT GREENWAY,AT_GW,CRDS, ,1.8,N,,MARGINAL,2004.0,,N,HRM,UN,ACTIVE,lacks surf mat -flood plane-undefined,,2012/11/02 00:00:00+00,,,RRRDTR,HRT,Y,Y,Y,N,N,ALL,,,N,N,Y,HRTAT,,SACKVILLE RIVERS ASSOCIATION,TPW_TRAILS,,,,{CAA84912-DBEE-43D9-8691-BC3DCCDCBF28},88.3293052144736,0.0006168073452463
107015,2446.0,DEWOLFE PARK AT GREENWAY,AT_GW,CONC, ,1.7,Y,,GOOD,2003.0,,Y,HRM,MANA,ACTIVE,pavers-chain rail-post to post,,,,,,,,,,,,,,,N,N,,,,,TPW_TRAILS,,,,{F0656E62-5EB0-4C0E-9CE1-B90402FEE7FA},239.069515580524,0.0017853198001248
107019,1313.0,BISSETT LAKE GREENWAY,AT_GW,CRDS,N,3.0,N,,GOOD,2010.0,,N,HRM,HRM,ACTIVE,HW have infrastructure under trail,,2015/06/16 00:00:00+00,,,RRRDTR,,,,,,,,,,Y,,,,,,TPW_TRAILS,A,2013/07/23 00:00:00+00,,{3F956CD2-1935-4651-B677-A24AE4CC0866},621.338757073021,0.0044443531018193
107021,2912.0,MASTODON GREENWAY,AT_GW,GRAV,,3.0,,,FAIR,2005.0,,,HRM,PART,ACTIVE,Yearly upgrades,,2015/06/16 00:00:00+00,TRAILS GROUP,,RRRDTR,HRT,Y, , , , , ,1900/01/01 00:00:00+00,1900/01/01 00:00:00+00,T,N, , ,,Carrolls Corner Community Centre,TRAILS_APR11,A,,N,{061DA02F-1F41-46FE-9193-C667C2B37FB2},3848.02335890774,0.0307006145708609
107022,5037.0,BISSETT LAKE GREENWAY,AT_GW,,Y,3.0,,,GOOD,2012.0,,N,HRM,HRM,ACTIVE,WOOD DECK ON STEEL BRIDGE,2013/04/16 00:00:00+00,,,,,,,,,,,,,,T,,,,,,,,,,{6ABF2BF4-100E-4E62-8E83-7DF09181A7AE},37.0402792407127,0.0003292211646069
107023,5038.0,BISSETT LAKE GREENWAY,AT_GW,,Y,3.0,,,GOOD,2012.0,,N,HRM,HRM,ACTIVE,BOARDWALK,2013/04/16 00:00:00+00,,,,,,,,,,,,,,T,,,,,,,,,,{AB5ADE9A-EDC7-47B8-B9A3-8510CAE97113},33.6900233904415,0.0003021965941275
107026,5039.0,BISSETT LAKE GREENWAY,AT_GW,GRAV,Y,3.0,N,,GOOD,2012.0,,N,HRM,HRM,ACTIVE,,2013/04/16 00:00:00+00,,,,RRRDTR,,,,,,,,,,T,,,,,,,,,,{AB9490B3-65E9-4255-825D-146CAB1DEF85},62.1141608045401,0.0005481181395949
107043,2038.0,SHUBIE CANAL GREENWAY,AT_GW,CRDS, ,1.5,N,,GOOD,2009.0,,N,HRM,HRM,ACTIVE,width varies up to 2 m,,,,,,,,,,,,,,,Y,,,,,,TPW_TRAILS,,,,{02AE9CF6-8B06-4348-8D95-95AAA3BD3C1F},155.279439772156,0.0010077020226085
107059,3749.0,MAINLAND NORTH LINEAR GREENWAY,AT_GW,CRDS,N,,N,,GOOD,2012.0,,N,HRM,HRM,ACTIVE,,2013/10/02 00:00:00+00,,,,RRRDTR,,,,,,,,,,,,,,,,,,,,{7B46EC8A-0DE2-4A70-87FD-C2281635BE91},332.843234225251,0.0024039742255611
107060,685.0,MAINLAND NORTH LINEAR GREENWAY,AT_GW,CRDS,N,,N,,GOOD,2013.0,,N,HRM,HRM,ACTIVE,,,,,,,,,,,,,,,,,,,,,,,,,,{7AAC86A9-7EC3-456B-87B7-A8676852F6CD},207.378587608376,0.0014651907727406
107061,686.0,MAINLAND NORTH LINEAR GREENWAY,AT_GW,CRDS,N,,N,,GOOD,2013.0,,N,HRM,HRM,ACTIVE,,,,,,,,,,,,,,,,,,,,,,,,,,{D0D11607-7967-482F-AA6A-7F85954C9A54},113.458770816562,0.0008187164344775
107062,3749.0,MAINLAND NORTH LINEAR GREENWAY,AT_GW,CRDS,N,,N,,GOOD,2012.0,,N,HRM,HRM,ACTIVE,,2013/10/02 00:00:00+00,,,,RRRDTR,,,,,,,,,,,,,,,,,,,,{2FD0B8FD-FD8E-4B9D-BAC2-2CF7038B40F8},56.3455547148132,0.0005018018476292
107069,3506.0,BEDFORD SACKVILLE CONNECTOR AT GREENWAY,AT_GW,CONC,,3.0,N,,GOOD,2004.0,,N,HRM,HRM,ACTIVE,Portion of Sidewalk System,,2016/01/12 00:00:00+00,PICTOMETRY,G,RRRDTR,HRT,Y,Y,Y,N,N,ALL,2007/01/11 00:00:00+00,2007/01/11 00:00:00+00,N,N,Y,HRTAT,,SACKVILLE RIVERS ASSOCIATION,TRAILS_APR11,,,Y,{13184A57-A07B-4979-9291-4D1FEF5A7A80},197.134399050821,0.0014804902384718
107076,3741.0,BARRINGTON STREET AT GREENWAY,AT_GW,ASPH,Y,3.0,N,,GOOD,2012.0,,N,HRM,HRM,ACTIVE,North Street - Cornwallis St,2012/09/12 00:00:00+00,2016/01/11 00:00:00+00,,,RRRDTR,HRT,Y,Y,Y,N,N,,,,Y,N,Y,Regional Trail,,"Partnership Heritage Gas, HRM, TCT",,,,,{1B56C0A5-7653-4D70-B0E5-6689AE2639AD},1117.95919550021,0.0087838026024385
107077,2309.0,BEDFORD SACKVILLE CONNECTOR AT GREENWAY,AT_GW,CONC, ,3.0,N,,GOOD,2004.0,,Y,HRM,HRM,ACTIVE,trail under bridge,,,,,RRRDTR,HRT,Y,Y,Y,N,N,ALL,,,N,N,,HRTAT,,SACKVILLE RIVERS ASSOCIATION,TPW_TRAILS,,,,{42A2AFEF-2567-4774-A40B-3F7117977CC1},36.6354038828643,0.0002440386289594
107088,1417.0,GLEN SLAUENWHITE CONNECTOR TRAIL,SECONDARY,CRDS,N,3.0,N,,GOOD,2012.0,,N,HRM,HRM,ACTIVE, ,,,,,RRRDTR,HRT,Y,Y,Y,N,N,ALL,,,,N,Y,,,FRIENDS OF FIRST LAKE SOCIETY,TPW_TRAILS,C,2013/07/23 00:00:00+00,,{B8FF9676-4575-4E2C-B526-6648D10030B4},192.536027272166,0.0015612384146623
107089,1430.0,GLEN SLAUENWHITE AT GREENWAY,AT_GW,CRDS,N,1.5,N,,GOOD,2012.0,,N,HRM,HRM,ACTIVE,width varies 1.5 to 2.0,,,,,RRRDTR,HRT,Y,Y,Y,N,N,ALL,,,,N,Y,,,FRIENDS OF FIRST LAKE SOCIETY,TPW_TRAILS,C,2013/07/23 00:00:00+00,,{F5FB8ED8-EA06-46C0-8112-4E814DDBCAD6},992.899569826531,0.0066942866884273
107090,1438.0,GLEN SLAUENWHITE TRAIL,SECONDARY,CRDS,N,1.0,N,,MARGINAL,2012.0,,N,HRM,HRM,ACTIVE, ,,,,,RRRDTR,HRT,Y,Y,Y,N,N,ALL,,,,N,Y,,,,TPW_TRAILS,C,2013/07/23 00:00:00+00,,{CF63D8FA-6DE5-426D-88F4-54ECDBC65071},18.357719875032,0.0001581269892806
107091,1459.0,GLEN SLAUENWHITE TRAIL,AT_GW,GRAV,N,2.5,N,,GOOD,2012.0,,N,HRM,HRM,ACTIVE,access road/trail to lake,,,,,RRRDTR,HRT,Y,Y,Y,N,N,ALL,,,,N,Y,,,FRIENDS OF FIRST LAKE SOCIETY,TPW_TRAILS,C,2013/07/23 00:00:00+00,,{265C6A0A-5089-49BD-811F-092CD3FCEA11},164.494724655407,0.0014305111590796
107108,2598.0,MCINTOSH RUN AT GREENWAY,AT_GW,ASPH,N,1.8,Y,,GOOD,2011.0,,N,HRM,HRM,ACTIVE,access restricted by jersey barrier,,,,,,,,,,,,,,,N,N,Y,,,,TPW_TRAILS,,,,{AC1E25AE-D1C1-4E39-B4FA-793D131A5216},37.8589112698913,0.0003024567243189
107119,1790.0,DARTMOUTH WATERFRONT TRAIL,AT_GW,ASPH, ,3.0,Y,,GOOD,2009.0,,N,HRM,HRM,ACTIVE, ,,,,,RRRDTR,HRT,,,,,,,,,,,,HRM,,HRM,TPW_TRAILS,,,,{865A5087-31EB-40C8-8F9E-28507A9DE77B},114.841897743365,0.0009633750618438
107120,1791.0,DARTMOUTH WATERFRONT TRAIL,AT_GW,ASPH, ,3.0,N,,MARGINAL,2009.0,,Y,HRM,HRM,ACTIVE,brick-heaves,,,,,RRRDTR,HRT,,,,,,,,,Y,,,,,,TPW_TRAILS,,,,{88B53427-FC04-4DEF-BA54-6A263FBA2835},73.09652593359,0.0005848175326915
107122,1795.0,DARTMOUTH WATERFRONT TRAIL,AT_GW,ASPH, ,3.0,Y,,GOOD,2009.0,,N,PRIV,HRM,ACTIVE,trail ends/Maitland St-starts 75 away,,,,,RRRDTR,,,,,,,,,,,,,HRM,,HRM,TPW_TRAILS,,,,{384C5930-00F1-4470-9786-2EB933927AFF},215.906606913936,0.001879386947198
107140,4384.0,UNKNOWN NAME,,CRDS,N,1.52,,,GOOD,2013.0,,,HRM,HRM,ACTIVE,,2013/09/16 00:00:00+00,,PLAN,,,,Y,Y,,,,,,,,,,,,,,,,,{94F5ABB6-847C-46BF-9B38-45540CE61B96},173.568984119543,0.0014958583865159
107167,1933.0,DARTMOUTH WATERFRONT TRAIL,AT_GW,ASPH, ,3.0,Y,,GOOD,2009.0,,N,PRIV,HRM,ACTIVE,incomplete at both ends -fenced 1 side,,,,,RRRDTR,HRT,,,,,,,,,,,,HRM,,HRM,TPW_TRAILS,,,,{D6D374D5-6E57-4E38-A265-8C6DEFA63938},460.642952602324,0.0038127489733145
107168,2189.0,DARTMOUTH WATERFRONT TRAIL,AT_GW,ASPH, ,3.0,N,,GOOD,2009.0,,N,HRM,HRM,ACTIVE, ,,,,,,,,,,,,,,,,,,,,,TPW_TRAILS,,,,{8B6E3B41-0F2C-4670-AB87-0E4F638700E1},180.215288978386,0.001312897313235
107169,2296.0,DARTMOUTH WATERFRONT TRAIL,AT_GW,ASPH, ,3.0,Y,,GOOD,2009.0,,N,HRM,HRM,ACTIVE,rail fence 1 side,,,,,,,,,,,,,,,,,,,,,TPW_TRAILS,,,,{78D11B10-531D-457B-A92B-65796BC08635},110.942903495397,0.0007805214005127
107170,2297.0,DARTMOUTH WATERFRONT TRAIL,AT_GW,ASPH, ,3.0,N,,GOOD,2009.0,,N,HRM,HRM,ACTIVE, ,,,,,,,,,,,,,,,,,,,,,TPW_TRAILS,,,,{A9EA1ED6-D921-465A-99C7-C7AEDE57A351},59.5783328469151,0.0003996313729702
107171,2301.0,DARTMOUTH WATERFRONT TRAIL,AT_GW,ASPH, ,3.0,N,,GOOD,2009.0,,N,HRM,HRM,ACTIVE, ,,,,,,,,,,,,,,,Y,,,,,,TPW_TRAILS,,,,{A65BCA09-6F13-426E-93D9-CAF78B7D5DAA},148.608273150635,0.0010404997096951
107173,2302.0,DARTMOUTH WATERFRONT TRAIL,AT_GW,ASPH, ,3.0,N,,GOOD,2009.0,,N,HRM,HRM,ACTIVE, ,,,,,,,,,,,,,,,Y,Y,,,,,TPW_TRAILS,,,,{4DB01E0F-A397-4984-B4F9-574DB70F07B1},127.208911408242,0.0008521973664874
107226,688.0,MAINLAND NORTH LINEAR GREENWAY,AT_GW,CRDS,N,,N,,GOOD,2013.0,,N,HRM,HRM,ACTIVE,,,,,,,,,,,,,,,,,,,,,,,,,,{C683F698-86C7-48C6-B151-3C12C39119CE},42.6136331524227,0.0003392910656542
107231,890.0,PORTLAND LAKES AT GREENWAY,AT_GW,CRDS,N,1.5,N,,GOOD,2009.0,,N,HRM,HRM,ACTIVE,Access Bellbrook Cres- DeadEnd,,2016/02/05 00:00:00+00,,,,,,,,,,,,,,,Y,Dr Hugh Millward,,Portland Estates & Hills Residents Association,TPW_TRAILS,,,,{CEF1FC6C-D8A0-49CB-90BB-E164E03E8FA5},775.387244387558,0.0057625422349676
107233,5035.0,BISSETT LAKE GREENWAY,AT_GW,GRAV,Y,3.0,N,,GOOD,2012.0,,N,HRM,HRM,ACTIVE,,2013/04/16 00:00:00+00,2015/06/16 00:00:00+00,,,RRRDTR,,,,,,,,,,T,,,,,,,,,,{6C1C93F9-5268-4FB5-9F61-517F903FBCEF},213.426255365693,0.0018914608170927
